,title,description,originallink,link,pubDate
0,"위너 강승윤 거리 데이트 목격담, 열애설로 확산",<b>위너</b> 멤버 강승윤의 데이트 목격담이 확산하면서 열애설로 이어지고 있다. 강승윤에 대한 목격담은 지난... <b>위너</b> 데뷔 8주년을 맞은 강승윤의 연애도 지지한다는 팬들의 행렬이다. 강승윤이 공개 열애를 한 적은 없다.... ,http://sports.khan.co.kr/news/sk_index.html?art_id=202208181017003&sec_id=540101&pt=nv,https://n.news.naver.com/mnews/article/144/0000831644?sid=106,"Thu, 18 Aug 2022 10:18:00 +0900"
1,"“당당하게 손잡고 데이트”…'위너' 강승윤, 신인 여배우와 핑크빛 열애설♥",그룹 &apos;<b>위너</b>&apos; 강승윤이 한 여성과 손을 잡고 다니는 모습이 포착됐다. 지난 17일 한 트위터 계정에 강승윤과 한 여성이 손을 잡고 걸어가는 모습이 담긴 사진이 올라왔다. 그의 팬이 탈덕(팬을 그만두는 것)하면서 올린... ,https://www.wikitree.co.kr/articles/781395,https://www.wikitree.co.kr/articles/781395,"Thu, 18 Aug 2022 10:12:00 +0900"
2,문소리·오정세에 송민호까지 '서울대작전' 풀파워 앙상블,"이와 함께 보이그룹 <b>위너</b>, 아티스트 MINO로 음악적 능력은 물론 천부적인 예능감을 뽐낸 송민호가 &apos;서울대작전&apos; 갈치 역으로 첫 연기에 도전한다. 상계동 슈프림팀과 한 동네에서 나고 자라, 유독 동욱에게 질투심을... ",https://news.jtbc.co.kr/article/article.aspx?news_id=NB12071288,https://n.news.naver.com/mnews/article/437/0000310294?sid=106,"Thu, 18 Aug 2022 07:49:00 +0900"
3,"“고맙고 사랑해” 위너, 8주년에도 뜨거운 형제들 [종합]","그룹 <b>위너</b>가 데뷔 8주년을 맞이해 팬들에게 고마움을 표했다. 지난 2014년 데뷔한 <b>위너</b>는 데뷔곡 ‘공허해&apos;를 시작으로 &apos;BABY BABY&apos;, &apos;REALLY REALLY&apos;, &apos;LOVE ME LOVE ME&apos;, &apos;EVERYDAY&apos;, &apos;MILLIONS&apos;, &apos;AH YEAH&apos;, &apos;뜸&apos;, ‘Remember&apos;까지... ",http://www.osen.co.kr/article/G1111921186,https://n.news.naver.com/mnews/article/109/0004680223?sid=106,"Wed, 17 Aug 2022 20:51:00 +0900"
4,"셀러비, 아이키와 훅 맴버 총출동…’우리동네챌린지’ 공개","또한 숏폼제작을 위해 함께 출연하는 이승훈의 그룹인 <b>위너</b>(WINNER)의 신곡 ‘I LOVE U’를 이용하였고, 16분만에 안무가 완성될 만큼 숏폼 고수다운 모습을 보여주며 훅만의 느낌으로 재 해석했다. 더불어 웹툰 작가... ",https://tenasia.hankyung.com/topic/article/2022081798324,https://n.news.naver.com/mnews/article/312/0000564418?sid=106,"Wed, 17 Aug 2022 17:17:00 +0900"
5,"셀러비, 아이키와 훅 맴버 총출동 ’우리동네챌린지’ 진행","또한 숏폼제작을 위해 함께 출연하는 이승훈의 그룹인 <b>위너</b>(WINNER)의 신곡 ‘I LOVE U’를 이용하였고, 16분만에 안무가 완성될 만큼 숏폼 고수다운 모습을 보여주며 훅만의 느낌으로 재 해석했다. 더불어 웹툰 작가... ",http://www.fashionbiz.co.kr/TN/?cate=2&recom=2&idx=194386,http://www.fashionbiz.co.kr/TN/?cate=2&recom=2&idx=194386,"Wed, 17 Aug 2022 16:38:00 +0900"
6,"셀러비, 아이키와 훅(HOOK) 멤버 총출동한 '우리동네챌린지' 공개","또한 숏폼제작을 위해 함께 출연하는 이승훈의 그룹인 <b>위너</b>(WINNER)의 신곡 &apos;I LOVE U&apos;를 이용하였고, 16분만에 안무가 완성될 만큼 숏폼 고수다운 모습을 보여주며 훅만의 느낌으로 재 해석했다. 더불어 웹툰 작가 &apos;지민... ",http://www.nextdaily.co.kr/news/articleView.html?idxno=208807,http://www.nextdaily.co.kr/news/articleView.html?idxno=208807,"Wed, 17 Aug 2022 15:50:00 +0900"
7,"셀러비, 아이키와 훅 맴버 총출동한 '우리동네챌린지' 공개","숏폼제작을 위해 함께 출연하는 이승훈의 그룹인 <b>위너</b>의 신곡 &apos;I LOVE U&apos;를 이용했고, 훅만의 느낌으로 재 해석했다. 더불어 웹툰 작가 &apos;지민&apos;과의 컬래버를 통해 한층 강화된 퀄리티의 숏폼이 탄생했다고 회사 측은... ",http://www.asiaa.co.kr/news/articleView.html?idxno=95815,http://www.asiaa.co.kr/news/articleView.html?idxno=95815,"Wed, 17 Aug 2022 15:32:00 +0900"
8,"고디자인, '알피니언 X-CUBE 초음파진단기' K-디자인 어워드서 골드 위너 수상",골드 <b>위너</b>에 선정됐다. K-디자인 어워드는 아시아 디자인 프라이즈(Asia Design Prize)와 함께 아시아를... 이 중 골드 <b>위너</b>(GOLD WINNER)는 출품작 중 3%에 해당되는 상이다. 일진그룹 초음파 의료기기 전문기업 알피니언... ,http://www.biotimes.co.kr/news/articleView.html?idxno=8508,http://www.biotimes.co.kr/news/articleView.html?idxno=8508,"Wed, 17 Aug 2022 15:04:00 +0900"
9,[스타서베이] 8월 3주차 남녀 가수·배우·아이돌 '브랜드 파워' 투표 시작…...,"엑소, <b>위너</b>, 있지, 드림캐쳐 등 57팀이 후보다. 앞서 진행된 &apos;8월 2주차 아이돌 그룹 브랜드 파워 랭킹&apos; 투표에서는 그룹 라포엠이 240,360표를 받으며 1위를 차지했다. 라포엠은 JTBC &apos;팬텀싱어3&apos;에서 우승을 차지한 팀이다.... ",http://www.topstarnews.net/news/articleView.html?idxno=14721983,http://www.topstarnews.net/news/articleView.html?idxno=14721983,"Wed, 17 Aug 2022 15:02:00 +0900"
10,"""영원하자""...위너, 데뷔 8주년 빛낸 훈훈 소감","그룹 <b>위너</b>가 데뷔 8주년을 맞은 소감을 밝혔다. 지난 2014년 8월 17일 정규 1집 &apos;2014 S/S&apos;로 데뷔한 <b>위너</b>는 17일 데뷔 8주년을 맞았다. 멤버들은 8주년을 맞아 SNS를 통해 소감을 전했다. 김진우는 &quot;8년, 후니 미노 유니 너무... ",https://hankookilbo.com/News/Read/A2022081710130004643?did=NA,https://n.news.naver.com/mnews/article/469/0000692003?sid=106,"Wed, 17 Aug 2022 12:04:00 +0900"
11,"위너 강승윤 ‘스맨파’ 타이틀 테마곡 가창, 악뮤 찬혁 작사 참여",그룹 <b>위너</b> 리더 강승윤이 Mnet &apos;스트릿 맨 파이터&apos;(이하 &apos;스맨파&apos;) 타이틀 테마곡을 부른다. &apos;스맨파... 타이틀 테마곡 가창은 <b>위너</b>의 메인 프로듀서이자 메인 보컬인 강승윤이 맡았다. Mnet 측은 17일 뉴스엔에 &quot;강승윤이... ,https://www.newsen.com/news_view.php?uid=202208171054220410,https://n.news.naver.com/mnews/article/609/0000616214?sid=106,"Wed, 17 Aug 2022 11:19:00 +0900"
12,첫 연기 도전하는 '위너' 송민호 배우 데뷔작 넷플릭스 '서울대작전' 스틸컷,"= 그룹 <b>위너</b>의 멤버 송민호가 넷플릭스 영화 &apos;서울대작전&apos;을 통해 배우로 데뷔한다.16일 넷플릭스 측이... 그룹 <b>위너</b>와 솔로 활동, 다양한 예능 프로그램 등을 통해 입지를 쌓아오고 있던 그가 이번 작품을 통해 처음으로... ",https://www.insight.co.kr/news/408249,https://www.insight.co.kr/news/408249,"Wed, 17 Aug 2022 09:36:00 +0900"
13,신한금융투자: 에치에프알·콘텐트리중앙·덴티움,올해 실적 기준 주가수익비율(PER) 8~9배 수준으로 글로벌 태양광 셀·모듈 업체 대비 저평가 매력 부각 ▲에스엠- 에스파 내달 컴백 및 <b>위너</b> 레코드와의 파트너십 계약 통한 글로벌 진출 본격화. 꺼지지 않는 매각... ,http://www.seoulfn.com/news/articleView.html?idxno=464362,http://www.seoulfn.com/news/articleView.html?idxno=464362,"Wed, 17 Aug 2022 09:36:00 +0900"
14,"더보이즈, 써클차트 8월 16일 리테일 앨범차트 1위, 에스파·더보이즈·온앤오...","26위 <b>위너</b>의 &apos;HOLIDAY&apos;(231장), 27위 레드벨벳의 &apos;`The ReVe Festival 2022 - Feel My Rhythm`&apos;(225장), 28위 스트레이 키즈의 &apos;Cle : LEVANTER&apos;(217장), 29위 엔하이픈의 &apos;MANIFESTO : DAY 1&apos;(215장), 30위... ",http://www.topstarnews.net/news/articleView.html?idxno=14721721,http://www.topstarnews.net/news/articleView.html?idxno=14721721,"Wed, 17 Aug 2022 09:16:00 +0900"
15,"믿고 듣는 위너, 오늘(17일) 데뷔 8주년 “아낌없이 사랑해준 팬들 감사”","그룹 <b>위너</b>(강승윤, 김진우, 이승훈, 송민호)가 데뷔 8주년 소감을 밝혔다. <b>위너</b>는 8월 17일 데뷔 8주년 기념일을 맞이했다. 이에 맏형 김진우는 공식 SNS에 &quot;8년, 후니 미노 유니 너무 고생했어 영원하자. 그리고 이너써클... ",https://www.newsen.com/news_view.php?uid=202208170819040410,https://n.news.naver.com/mnews/article/609/0000616130?sid=106,"Wed, 17 Aug 2022 09:16:00 +0900"
16,점점 윤곽 보이는 2022 KBO 타이틀 수상자 얼굴,가장 선두에 있는 ‘현 <b>위너</b>’들이 최종 트로피를 들어 올릴 가능성도 높아졌다. 그 가운데서도 박병호(kt)는 2019년 이후 3년 만에 개인 통산 6번째 홈런왕 수상이 매우 유력하다. 최근 9경기서 홈런 침묵을 지키고... ,http://mksports.co.kr/view/2022/725348/,https://sports.news.naver.com/news.nhn?oid=410&aid=0000888315,"Wed, 17 Aug 2022 07:33:00 +0900"
17,"'서울대작전', 문소리X김성균X오정세 등 명품 조연들의 시너지 폭발 예고",여기에 그룹 <b>위너</b>이자 아티스트 MINO로 성공적인 행보를 이어옴과 동시에 다양한 프로그램을 통해 천부적인 예능감을 뽐낸 송민호가 &apos;서울대작전&apos;의 갈치 역으로 연기에 처음 도전한다. 극 중 송민호는 심술궂은 면부터... ,http://www.starnewsk.com/news/articleView.html?idxno=32614,http://www.starnewsk.com/news/articleView.html?idxno=32614,"Tue, 16 Aug 2022 18:30:00 +0900"
18,첫 연기 도전 송민호부터 문소리까지… ‘서울대작전’ 조연 라인업 공개,여기에 그룹 <b>위너</b>의 멤버이자 아티스트 MINO로 성공적인 행보를 이어옴과 동시에 다양한 프로그램을 통해 예능감을 뽐낸 송민호는 갈치 역으로 연기에 첫 도전한다. 송민호가 연기할 갈치는 상계동 슈프림팀과 한... ,https://isplus.com/2022/08/16/enter/entertainment/20220816172746754.html,https://n.news.naver.com/mnews/article/241/0003225218?sid=106,"Tue, 16 Aug 2022 17:27:00 +0900"
19,넷플릭스 영화 '서울대작전' 개봉일...송민호 첫 연기 '주목',<b>위너</b> 멤버 송민호가 출연한 영화 서울대작전에 관심이 집중되고 있다./사진=넷플릭스 <b>위너</b> 멤버 송민호가 출연한 영화 서울대작전에 관심이 집중되고 있다. 넷플릭스 개봉작 서울대작전의 개봉일은 오는 26일로... ,https://www.nbntv.co.kr/news/articleView.html?idxno=988640,https://www.nbntv.co.kr/news/articleView.html?idxno=988640,"Tue, 16 Aug 2022 16:42:00 +0900"
20,"송민호 첫 연기, '서울대작전'…조연 라인업 공개",배우 문소리·김성균·오정세·정웅인·그리고 연기는 처음인 그룹 &apos;<b>위너</b>&apos; 멤버 송민호 등이 조연으로 나선다. 먼저 문소리가 VIP의 오른팔인 &apos;강 회장&apos; 역을 맡아 서늘한 카리스마와 속내를 알 수 없는 호의를 오가는 연기를... ,http://www.newsis.com/view/?id=NISX20220816_0001979919&cID=10601&pID=10600,https://n.news.naver.com/mnews/article/003/0011365833?sid=106,"Tue, 16 Aug 2022 15:42:00 +0900"
21,"칙바이칙, '2022 우수디자인'서 브랜드 부문 '위너' 선정",치킨 패스트 캐주얼 브랜드 ‘칙바이칙’은 산업통상자원부가 주최하는 ‘2022 우수디자인(GD) 상품선정’ 브랜드 디자인 부문 ‘<b>위너</b>’에 선정됐다고 16일 밝혔다. 칙바이칙은 패스트푸드 효율에 캐주얼 다이닝... ,https://it.chosun.com/site/data/html_dir/2022/08/16/2022081601603.html,https://it.chosun.com/site/data/html_dir/2022/08/16/2022081601603.html,"Tue, 16 Aug 2022 14:10:00 +0900"
22,추석 맞이 선물세트와 할인 혜택 가득 준비한 브이앤코,"7% 증가하는 결과를 보이는 등 우수한 탄력 효과를 증명했으며, &apos;브이 코어텍틴 크림&apos;은 뷰티 앱 글로우픽에서 38주 연속 안티에이징크림 부문 <b>위너</b>를 유지하고 있는 제품으로 30대 이상 여성들에게 큰 호응을 얻고 있다.... ",https://www.insight.co.kr/news/408131,https://www.insight.co.kr/news/408131,"Tue, 16 Aug 2022 13:30:00 +0900"
23,"뉴진스, 써클차트 31주차 리테일주간차트 1위 이어 소녀시대·있지·투모로우...","(META)&apos;(1,851장), 27위 <b>위너</b>의 &apos;HOLIDAY&apos;(1,779장), 28위 세븐틴의 &apos;9th Mini Album `Attacca`&apos;(1,686장), 29위 블랙핑크의 &apos;SQUARE UP&apos;(1,677장), 30위 투모로우바이투게더의 &apos;꿈의 장: MAGIC&apos;(1,648장) 등이... ",http://www.topstarnews.net/news/articleView.html?idxno=14721304,http://www.topstarnews.net/news/articleView.html?idxno=14721304,"Tue, 16 Aug 2022 13:08:00 +0900"
24,송민호 첫 연기는 어떨까? 인상 팍+레이저 눈빛!,그룹 <b>위너</b>의 멤버이자 솔로 아티스트로서 다양한 영역에서 활약하는 MINO(송민호)가 넷플릭스 오리지널 영화 〈서울대작전〉으로 연기에 첫 도전한다. 극 중 유아인(동욱 역)에게 일방적 질투심을 느끼는 &apos;갈치&apos; 역이다.... ,http://www.harpersbazaar.co.kr/article/68859,http://www.harpersbazaar.co.kr/article/68859,"Tue, 16 Aug 2022 13:08:00 +0900"
25,"'서울대작전' 송민호 첫 연기 도전, 조연 라인업 공개","여기에 그룹 <b>위너</b>, 아티스트 MINO로 성공적인 행보를 이어옴과 동시에 다양한 프로그램을 통해 천부적인 예능감을 뽐낸 송민호가 &apos;서울대작전&apos; 갈치 역으로 연기에 첫 도전한다. 상계동 슈프림팀과 한 동네에서 나고 자라... ",http://www.tvdaily.co.kr/read.php3?aid=16606156631649878008,http://www.tvdaily.co.kr/read.php3?aid=16606156631649878008,"Tue, 16 Aug 2022 11:14:00 +0900"
26,"송민호, '서울대작전'으로 배우 데뷔...OST도 참여",그룹 <b>위너</b> 멤버 송민호(MINO)가 넷플릭스 영화 &apos;서울대작전&apos;을 통해 배우로 데뷔한다. &apos;서울대작전&apos;은 1988년 아메리칸 드림을 꿈꾸는 상계동 슈프림팀이 거부할 수 없는 제안을 받고 VIP 비자금 수사 작전에 투입되며... ,https://ent.sbs.co.kr/news/article.do?article_id=E10010255978&plink=ORI&cooper=NAVER,https://n.news.naver.com/mnews/article/416/0000286529?sid=106,"Tue, 16 Aug 2022 11:14:00 +0900"
27,'서울대작전' 연기 첫 도전 송민호부터 티키타카 오정세까지…명품 라인업,"여기에 그룹 <b>위너</b>, 아티스트 MINO로 성공적인 행보를 이어옴과 동시에 다양한 프로그램을 통해 천부적인 예능감을 뽐낸 송민호가 &apos;서울대작전&apos; 갈치 역으로 연기에 첫 도전한다. 상계동 슈프림팀과 한 동네에서 나고 자라... ",https://www.news1.kr/articles/4773766,https://n.news.naver.com/mnews/article/421/0006279435?sid=106,"Tue, 16 Aug 2022 10:44:00 +0900"
28,‘서울대작전’ 위너 송민호 맞아? 강렬한 배우 신고식,그룹 <b>위너</b> 멤버 송민호(MINO)가 넷플릭스 영화 &apos;서울대작전&apos;을 통해 배우로 데뷔한다. 엔터테인먼트 스트리밍... 그룹 <b>위너</b> 멤버이자 솔로 아티스트 MINO(마이노)로서 성공적인 행보를 이어오는가 하면 다양한 프로그램을... ,https://www.newsen.com/news_view.php?uid=202208161031240410,https://n.news.naver.com/mnews/article/609/0000615660?sid=106,"Tue, 16 Aug 2022 10:38:00 +0900"
29,"세종시 출범 10주년, 요리를 창조하라","본선은 현장평가로 진행돼 한식대첩4 심사위원이었던 유지상 <b>위너</b>셰프 대표와 김덕한 대덕대학교 호텔외식조리학과 교수, 뉴스보다 맛집 등 요리프로그램을 다수 제작한 김정미 방송작가가 심사위원으로 참여했다.... ",https://www.inews365.com/news/article.html?no=727404,https://www.inews365.com/news/article.html?no=727404,"Tue, 16 Aug 2022 10:34:00 +0900"
30,"'서울대작전' 문소리·김성균·오정세·정웅인·송민호, 시너지 더할 라인업","여기에 그룹 <b>위너</b>, 아티스트 MINO로 성공적인 행보를 이어옴과 동시에 다양한 프로그램을 통해 예능감을 뽐낸 송민호가 &apos;서울대작전&apos; 갈치 역으로 연기에 첫 도전한다. 상계동 슈프림팀과 한 동네에서 나고 자라, 유독... ",https://www.xportsnews.com/article/1618159,https://n.news.naver.com/mnews/article/311/0001489008?sid=106,"Tue, 16 Aug 2022 10:34:00 +0900"
31,"'서울대작전' 송민호, 8년만에 첫 연기 도전..유아인에 질투 폭발","여기에 그룹 <b>위너</b>, 아티스트 MINO로 성공적인 행보를 이어옴과 동시에 다양한 프로그램을 통해 천부적인 예능감을 뽐낸 송민호가 &apos;서울대작전&apos; 갈치 역으로 연기에 첫 도전한다. 상계동 슈프림팀과 한 동네에서 나고 자라... ",http://www.osen.co.kr/article/G1111920084,https://n.news.naver.com/mnews/article/109/0004679118?sid=106,"Tue, 16 Aug 2022 10:33:00 +0900"
32,"'서울대작전' 문소리·정웅인→송민호, 막강 조연 라인업 공개",개성 넘치는 배우들의 연기 시너지 예고...26일 공개 배우 문소리부터 <b>위너</b> 송민호까지 &apos;서울대작전&apos;을... 문소리 김성균 오정세 정웅인 그리고 <b>위너</b>의 송민호는 개성 넘치는 연기를 예고해 기대감을 높였다. 작품은 1988년... ,http://news.tf.co.kr/read/entertain/1958653.htm,https://n.news.naver.com/mnews/article/629/0000166909?sid=106,"Tue, 16 Aug 2022 10:13:00 +0900"
33,"송민호, 넷플릭스 '서울대작전' 통해 연기 도전...유아인 질투남 찰떡 소화","그룹 <b>위너</b>, 아티스트 MINO로 성공적인 행보를 이어옴과 동시에 다양한 프로그램을 통해 천부적인 예능감을 뽐낸 송민호는 이번 작품을 통해 처음으로 연기에 도전한다. 상계동 슈프림팀과 한 동네에서 나고 자라, 유독... ",http://www.newsinside.kr/news/articleView.html?idxno=1140352,http://www.newsinside.kr/news/articleView.html?idxno=1140352,"Tue, 16 Aug 2022 10:02:00 +0900"
34,"‘서울대작전’ 문소리→연기 도전 송민호, 초호화 조연 라인업","여기에 그룹 <b>위너</b>, 아티스트 MINO로 성공적인 행보를 이어옴과 동시에 다양한 프로그램을 통해 천부적인 예능감을 뽐낸 송민호가 ‘서울대작전’ ‘갈치’ 역으로 연기에 첫 도전한다. 상계동 슈프림팀과 한... ",http://www.sportsworldi.com/newsView/20220816506971,https://n.news.naver.com/mnews/article/396/0000621641?sid=106,"Tue, 16 Aug 2022 09:58:00 +0900"
35,"문소리→김성균·송민호, '서울대작전' 완성할 조연 라인업","16일 넷플릭스는 문소리, 김성균, 오정세, 정웅인, 그룹 <b>위너</b> 송민호가 &apos;서울대작전&apos;에 출연한다고 알렸다. &apos;서울대작전&apos;은 1988년, 아메리칸 드림을 꿈꾸는 상계동 슈프림팀이 거부할 수 없는 제안을 받고 VIP 비자금 수사... ",https://www.dailian.co.kr/news/view/1142861/?sc=Naver,https://n.news.naver.com/mnews/article/119/0002630400?sid=106,"Tue, 16 Aug 2022 09:34:00 +0900"
36,"'서울대작전' 송민호, 첫 연기 도전..압도적 배우들과 함께","여기에 그룹 <b>위너</b>, 아티스트 MINO로 성공적인 행보를 이어옴과 동시에 다양한 프로그램을 통해 천부적인 예능감을 뽐낸 송민호가 &apos;서울대작전&apos;에서 &apos;갈치&apos; 역으로 연기에 첫 도전한다. 상계동 슈프림팀과 한 동네에서 나고... ",http://star.mt.co.kr/stview.php?no=2022081609241126706,https://n.news.naver.com/mnews/article/108/0003079144?sid=106,"Tue, 16 Aug 2022 09:31:00 +0900"
37,"위너 송민호 연기 도전, 넷플릭스 ‘서울대작전’ 조연 라인업 공개","여기에 그룹 <b>위너</b>, 아티스트 MINO로 성공적인 행보를 이어옴과 동시에 다양한 프로그램을 통해 천부적인 예능감을 뽐낸 송민호가 ‘서울대작전’ 갈치 역으로 연기에 첫 도전한다. 상계동 슈프림팀과 한 동네에서 나고... ",http://mksports.co.kr/view/2022/720990/,https://n.news.naver.com/mnews/article/410/0000888068?sid=106,"Tue, 16 Aug 2022 09:23:00 +0900"
38,"송민호, 넷플릭스 '서울대작전'으로 연기 첫 도전… OST도 참여","그룹 <b>위너</b>, 아티스트 MINO로 성공적인 행보를 이어옴과 동시에 다양한 프로그램을 통해 천부적인 예능감을 뽐낸 송민호 씨는 이번 작품을 통해 처음으로 연기에 도전한다. 상계동 슈프림팀과 한 동네에서 나고 자라, 유독... ",https://star.ytn.co.kr/_sn/0117_202208160923505885,https://n.news.naver.com/mnews/article/052/0001777169?sid=106,"Tue, 16 Aug 2022 09:23:00 +0900"
39,문소리→송민호…'서울대작전' D-10 초호화 조연 라인업 공개,"여기에 그룹 <b>위너</b>, 아티스트 MINO로 성공적인 행보를 이어옴과 동시에 다양한 프로그램을 통해 천부적인 예능감을 뽐낸 송민호가 ‘갈치’ 역으로 연기에 첫 도전한다. 상계동 슈프림팀과 한 동네에서 나고 자라, 유독... ",http://starin.edaily.co.kr/news/newspath.asp?newsid=01151286632427976,https://n.news.naver.com/mnews/article/018/0005292829?sid=106,"Tue, 16 Aug 2022 09:21:00 +0900"
40,문소리부터 송민호까지…'서울대작전' 초호화 조연 라인업,"여기에 그룹 <b>위너</b>, 아티스트 MINO로 성공적인 행보를 이어옴과 동시에 다양한 프로그램을 통해 천부적인 예능감을 뽐낸 송민호가 &apos;서울대작전&apos; 갈치 역으로 연기에 첫 도전한다. 상계동 슈프림팀과 한 동네에서 나고 자라... ",http://www.mydaily.co.kr/new_yk/html/read.php?newsid=202208160909776694&ext=na&utm_campaign=naver_news&utm_source=naver&utm_medium=related_news,https://n.news.naver.com/mnews/article/117/0003636046?sid=106,"Tue, 16 Aug 2022 09:17:00 +0900"
41,[넷플릭스] '서울대작전' 문소리부터 연기도전 송민호까지...조연 라인업 공개,"여기에 그룹 <b>위너</b>, 아티스트 MINO로 성공적인 행보를 이어옴과 동시에 다양한 프로그램을 통해 천부적인 예능감을 뽐낸 송민호가 &apos;서울대작전&apos; ‘갈치’ 역으로 연기에 첫 도전한다. 상계동 슈프림팀과 한 동네에서 나고... ",https://www.sportsw.kr/news/newsview.php?ncode=1065571900070994,https://www.sportsw.kr/news/newsview.php?ncode=1065571900070994,"Tue, 16 Aug 2022 09:16:00 +0900"
42,"문소리·오정세→송민호, '서울대작전' 저 세상 HIP 조연 배우 라인업","여기에 그룹 <b>위너</b>, 아티스트 MINO로 성공적인 행보를 이어옴과 동시에 다양한 프로그램을 통해 천부적인 예능감을 뽐낸 송민호가 &apos;갈치&apos; 역으로 연기에 첫 도전한다. 상계동 슈프림팀과 한 동네에서 나고 자라, 유독 &apos;동욱... ",http://www.slist.kr/news/articleView.html?idxno=376900,http://www.slist.kr/news/articleView.html?idxno=376900,"Tue, 16 Aug 2022 09:08:00 +0900"
43,[해외 칼럼]트럼프와 준법정신,전 연방 하원의원 앤서니 <b>위너</b>의 랩탑에서 발견된 여러 통의 이메일이 재수사 이유였다. 통상적으로 법부무는 선거일이 임박한 상황에서 선거 결과에 영향을 줄 수 있는 사안에 대해 공개적으로 수사에 착수하지 않는 것을... ,https://www.sedaily.com/NewsView/269TJFC4CF,https://n.news.naver.com/mnews/article/011/0004087732?sid=004,"Tue, 16 Aug 2022 08:01:00 +0900"
44,'결실의 계절' 레고켐바이오…내달 ADC 플랫폼 임상결과 첫 공개,레고켐바이오는 해당 어워즈에서 유일하게 4년 연속 &apos;베스트ADC플랫폼테크놀로지&apos; <b>위너</b>에 선정된 기업이다. 지난해 심사위원들은 레고켐바이오 기술에 대해 &apos;어떤 톡신과도 접합할 수 있는 매우 독창적이고 혁신적인... ,http://news.mt.co.kr/mtview.php?no=2022081215314241985,https://n.news.naver.com/mnews/article/008/0004783140?sid=101,"Tue, 16 Aug 2022 07:30:00 +0900"
45,"울산시, K팝 사관학교 설립 본격화...'아이돌 명문고' 문 여나","소녀시대 서현, 트와이스 쯔위, 비투비 육성재·정일훈, <b>위너</b> 송민호·남태현, 유키스 동호 등의 아이돌 스타가 이 학교 출신이다. 상서고는 △연예매니지먼트과(120여명)를 운영하면서 K팝 등 다양한... ",http://www.iusm.co.kr/news/articleView.html?idxno=954777,http://www.iusm.co.kr/news/articleView.html?idxno=954777,"Mon, 15 Aug 2022 22:22:00 +0900"
46,"[LCK CL] 침착하게 경기 풀어간 젠지, 4세트 역전승",&apos;<b>위너</b>&apos; 우주성이 바이로 더블 킬을 기록하는 활약을 보여주며 한타 승리를 이끌었다. 기세를 잡은 젠지는 23분 한타에서도 완승을 거뒀다. 쉽지 않은 구도에서 열린 싸움에서 &apos;페이즈&apos; 김수환이 칼리스타로 트리플 킬을... ,http://www.dailyesports.com/view.php?ud=202208152034063446a7594bcb2f_27,https://sports.news.naver.com/news.nhn?oid=347&aid=0000165602,"Mon, 15 Aug 2022 20:36:00 +0900"
47,"세종시 출범 10주년, 특산품 복숭아 요리 창조하라","본선은 현장평가로 진행돼 한식대첩4 심사위원이었던 유지상 <b>위너</b>셰프 대표와 김덕한 대덕대학교 호텔외식조리학과 교수, 뉴스보다 맛집 등 요리프로그램을 다수 제작한 김정미 방송작가가 심사위원으로 참여했다.... ",http://www.ccnnews.co.kr/news/articleView.html?idxno=265968,http://www.ccnnews.co.kr/news/articleView.html?idxno=265968,"Mon, 15 Aug 2022 19:10:00 +0900"
48,"지드래곤·박재범·송가인..★들도 광복절 기념 ""대한독립만세"" [종합]","배우 김소현은 광복절을 기념해 &quot;National Liberation Day of Korea(한국 해방 기념일). 1945.8.15 77주년 광복절&quot;이라고 적으며 광복절을 알렸고, 그룹 <b>위너</b> 강승윤 등도 태극기 사진을 게재하며 광복절을 기념했다.",http://star.mt.co.kr/stview.php?no=2022081518110363396,https://n.news.naver.com/mnews/article/108/0003079054?sid=106,"Mon, 15 Aug 2022 19:07:00 +0900"
49,8월16일 동정,"멤버 겸 배우 박진영과 가수 겸 방송인 이미주는 3000만원을, 배우 임시완과 탤런트 강태오가 각각 2000만원을, 그룹 <b>위너</b> 김진우, 배우 홍수현·윤세아, 개그우먼 박나래, 방송인 유병재도 각각 1000만원을 전달했다.",https://www.hani.co.kr/arti/society/ngo/1054820.html,https://n.news.naver.com/mnews/article/028/0002602453?sid=102,"Mon, 15 Aug 2022 18:55:00 +0900"
50,"[LCK CL] 결정적인 교전 승리 따낸 젠지, 1세트 승리",미드에서도 &apos;<b>위너</b>&apos; 우주성이 비에고로 날카로운 갱킹을 보여주며 르블랑을 플레이한 &apos;세탭&apos; 송경진의 점멸을 뽑았다. 좋은 흐름 속에서 바텀 갱킹을 허용하며 노틸러스를 플레이한 &apos;로스파&apos; 박준형이 잡혔지만 첫 번째... ,http://www.dailyesports.com/view.php?ud=202208151748043001a7594bcb2f_27,https://sports.news.naver.com/news.nhn?oid=347&aid=0000165596,"Mon, 15 Aug 2022 17:50:00 +0900"
51,"""RE100 더 늦으면 경쟁력 약화""…이재용 '탄소중립 결단'만 남았다",김형남 삼성전자 글로벌CS센터장 부사장은 지난달 21일 ‘올해의 에너지<b>위너</b>상’ 시상식에서 올해 처음 신설된 ‘탄소중립<b>위너</b>상’을 수상한 뒤 “삼성전자는 구매·제조·유통 등 전 부문에 걸쳐 에너지 고효율... ,https://www.sedaily.com/NewsView/269T45MPDQ,https://n.news.naver.com/mnews/article/011/0004087654?sid=101,"Mon, 15 Aug 2022 17:28:00 +0900"
52,"방탄소년단, 개인활동에도 세븐틴·NCT 제치고 8월 보이그룹 브랜드평판 1위","4위, <b>위너</b> ( 강승윤, 김진우, 송민호, 이승훈 ) 브랜드는 참여지수 20만5226 미디어지수 99만6958 소통지수 46만2756 커뮤니티지수 64만3132가 되면서 브랜드평판지수 230만8073으로 분석됐다. 지난 7월... ",http://www.shinailbo.co.kr/news/articleView.html?idxno=1587107,http://www.shinailbo.co.kr/news/articleView.html?idxno=1587107,"Mon, 15 Aug 2022 16:28:00 +0900"
53,"“행복한 광복절” 위너 강승윤→박재범, 잊지않고 태극기 게양한 ★들[종합]",이에 그룹 <b>위너</b> 리더 강승윤은 15일 오전 직접 운영 중인 공식 SNS에 태극기 이미지를 게재했다. 태극기 깃봉과 깃면 사이를 떼지 않고 다는 광복절 태극기 게양법을 감안해 SNS 상에서 태극기 이미지를 위쪽에 올려놓는... ,https://www.newsen.com/news_view.php?uid=202208151451400410,https://n.news.naver.com/mnews/article/609/0000615459?sid=106,"Mon, 15 Aug 2022 15:18:00 +0900"
54,"세종시, 출범 10주년 기념 청소년 요리대회 개최","현장평가로 진행된 본선은 한식대첩4 심사위원이었던 유지상 <b>위너</b>셰프 대표와 김덕한 대덕대 호텔외식조리학과 교수, 요리프로그램을 다수 제작한 김정미 방송작가가 심사위원으로 참여했다. 심사 결과 대상은... ",https://news.kmib.co.kr/article/view.asp?arcid=0017374053&code=61121111&cp=nv,https://n.news.naver.com/mnews/article/005/0001546520?sid=102,"Mon, 15 Aug 2022 13:17:00 +0900"
55,"세종시 출범 10주년, 요리를 창조하라","본선은 현장평가로 진행돼 한식대첩4 심사위원이었던 유지상 <b>위너</b>셰프 대표와 김덕한 대덕대학교 호텔외식조리학과 교수, 뉴스보다 맛집 등 요리프로그램을 다수 제작한 김정미 방송작가가 심사위원으로 참여했다.... ",http://www.bzeronews.com/news/articleView.html?idxno=526773,http://www.bzeronews.com/news/articleView.html?idxno=526773,"Mon, 15 Aug 2022 11:58:00 +0900"
56,"세종시 출범 10주년, 청소년 요리 경연대회 개최","본선은 현장평가로 진행돼 한식대첩4 심사위원이었던 유지상 <b>위너</b>셰프 대표와 김덕한 대덕대학교 호텔외식조리학과 교수, 뉴스보다 맛집 등 요리프로그램을 다수 제작한 김정미 방송작가가 심사위원으로 참여했다.... ",https://www.viva100.com/main/view.php?key=20220815010003572,https://www.viva100.com/main/view.php?key=20220815010003572,"Mon, 15 Aug 2022 11:20:00 +0900"
57,"세종시 출범 10주년, 전국 청소년 '요리를 창조하라'","본선은 현장평가로 진행했으며 한식대첩4 심사위원이었던 유지상 <b>위너</b>셰프 대표와 김덕한 대덕대학교 호텔외식조리학과 교수, 뉴스보다 맛집 등 요리프로그램을 다수 제작한 김정미 방송작가가 심사위원으로... ",http://www.newstnt.com/news/articleView.html?idxno=223262,http://www.newstnt.com/news/articleView.html?idxno=223262,"Mon, 15 Aug 2022 10:46:00 +0900"
58,"세종시 출범 10주년, 요리를 창조하라","본선은 현장평가로 진행돼 한식대첩4 심사위원이었던 유지상 <b>위너</b>셰프 대표와 김덕한 대덕대학교 호텔외식조리학과 교수, 뉴스보다 맛집 등 요리프로그램을 다수 제작한 김정미 방송작가가 심사위원으로 참여했다.... ",http://www.chungnamilbo.co.kr/news/articleView.html?idxno=674363,http://www.chungnamilbo.co.kr/news/articleView.html?idxno=674363,"Mon, 15 Aug 2022 10:10:00 +0900"
59,"""활동 안 해도 괜찮아"" 방탄소년단★, 브랜드평판 1위 등극","8월 보이그룹 브랜드평판 30위 순위는 방탄소년단, 세븐틴, NCT, <b>위너</b>, 엑소, 슈퍼주니어, 더보이즈, 엔하이픈, 샤이니, 아스트로, 몬스타엑스, 빅뱅, 투모로우바이투게더, 스트레이 키즈, 비투비, FT아일랜드... ",http://moneys.mt.co.kr/news/mwView.php?no=2022081509344760947,https://n.news.naver.com/mnews/article/417/0000842810?sid=106,"Mon, 15 Aug 2022 09:43:00 +0900"
60,"[기획] ""대형마트부터 패션업계까지""…휴양지 마케팅 주력",15일 업계에 따르면 롯데마트는 내달 30일까지 양양에 팝업스토어를 열고 직접 개발한 이색과일 &apos;블랙<b>위너</b>수... 수박인 &apos;블랙<b>위너</b>수박&apos; 팝업스토어를 내달 말까지 선보인다. 롯데마트가 농우바이오와 함께 7년간 공동... ,http://www.m-i.kr/news/articleView.html?idxno=942389,http://www.m-i.kr/news/articleView.html?idxno=942389,"Mon, 15 Aug 2022 09:10:00 +0900"
61,"[내일 사볼까]""와이지엔터, 업종 최선호주…향후 1년이 가장 중요""","향후 아티스트 풀가동(블랙핑크, <b>위너</b>, 아이콘, 트레저, 빅뱅의 솔로 또는 유닛 등)이 기대된다&quot;며 &quot;밸류에이션 저평가와 아티스트 모멘텀이 접목되는 구간&quot;이라고 밝혔다. 와이지엔터테인먼트의 지난 2분기 실적은... ",http://news.heraldcorp.com/view.php?ud=20220812000682,https://n.news.naver.com/mnews/article/016/0002028466?sid=101,"Mon, 15 Aug 2022 07:53:00 +0900"
62,위너콰이어 “일본군 위안부 기림일” 위안부 피해자 위한 공연 올려..,특히 <b>위너</b>콰이어가 위안부 피해자들을 위로하고 그들의 삶을 재조명하는 창작 뮤지컬 &lt;마음에 새기다&gt;를 올려 오늘 행사를 더욱 뜻깊게 만들었다. 공연이 진행되는 동안 순간순간 울컥하는 행사장 관객들의 모습도 눈에... ,http://sports.khan.co.kr/news/sk_index.html?art_id=202208142352003&sec_id=560801&pt=nv,https://n.news.naver.com/mnews/article/144/0000831008?sid=106,"Sun, 14 Aug 2022 23:53:00 +0900"
63,"롯데뮤지엄, ‘레드닷 디자인 어워드’ 본상 수상","또한 아시아 디자인 프라이즈 2022에서 골드 <b>위너</b>를 수상해 디자인의 우수성을 세계적으로 인정받았다.한편, 레드닷 어워드는 미국의 IDEA(International Design Excellence Awards), 독일의iF(International Forum) 디자인... ",https://www.jungle.co.kr/magazine/204481,https://www.jungle.co.kr/magazine/204481,"Sun, 14 Aug 2022 23:28:00 +0900"
64,"에스파·위너·송가인·송준근, 전자신문 40주년 축전 전해","에스파(aespa)·<b>위너</b>(WINNER)·송가인·송준근 등 연예인들이 전자신문의 40살 생일 축하 영상을 보내왔다.... 에스파와 <b>위너</b>, 송가인, 송준근 등은 축전 첫 주자로 등장, 자연스러운 일상매력과 함께 전자신문 창간 40주년... ",http://www.etnews.com/20220814000084,https://n.news.naver.com/mnews/article/030/0003036888?sid=106,"Sun, 14 Aug 2022 20:25:00 +0900"
65,"[유튜브인기가수] 임영웅, 32주차 유튜브코리아 인기아티스트 1위…뉴진스·에...","뒤이어 51위 포스트 말론(1,677,240회), 52위 <b>위너</b>(1,614,488회), 53위 데이식스(1,565,403회), 54위 Snoop Dogg(스눕 독)(1,555,071회), 55위 청하(1,540,256회), 56위 토일(1,529,163회), 57위 아이즈원(1,511,564회)... ",http://www.topstarnews.net/news/articleView.html?idxno=14720481,http://www.topstarnews.net/news/articleView.html?idxno=14720481,"Sun, 14 Aug 2022 11:10:00 +0900"
66,"[유튜브인기곡] 소녀시대의 'FOREVER 1' 유튜브코리아인기곡 32주차 1위, 뉴진...","Too Short&apos; 593,680회, 47위 프로미스나인의 &apos;DM&apos; 583,121회, 48위 청하의 &apos;Sparkling&apos; 581,852회, 49위 <b>위너</b>의 &apos;I LOVE U&apos; 575,625회, 50위 Paul Blanco의 &apos;Summer&apos; 573,125회 등이 차트에 올랐다.[톱스타뉴스=]",http://www.topstarnews.net/news/articleView.html?idxno=14720479,http://www.topstarnews.net/news/articleView.html?idxno=14720479,"Sun, 14 Aug 2022 11:06:00 +0900"
67,"방탄소년단, 보이그룹 브랜드평판 8월 1위…NCT 순위는?","2022년 8월 보이그룹 브랜드평판 30위 순위는 방탄소년단, 세븐틴, NCT, <b>위너</b>, 엑소, 슈퍼주니어, 더보이즈, 엔하이픈, 샤이니, 아스트로, 몬스타엑스, 빅뱅, 투모로우바이투게더, 스트레이 키즈, 비투비... ",http://mksports.co.kr/view/2022/716433/,https://n.news.naver.com/mnews/article/410/0000887743?sid=106,"Sat, 13 Aug 2022 19:38:00 +0900"
68,"방탄 1위, 브랜드 평판 '압도적'...2위는?","2022년 8월 보이그룹 브랜드평판 순위는 1위 방탄소년단, 2위 세븐틴, 3위 NCT, 4위 <b>위너</b>, 5위 엑소가 차지했다. 이후 순위는 슈퍼주니어, 더보이즈, 엔하이픈, 샤이니, 아스트로, 몬스타엑스, 빅뱅, 투모로우바이투게더... ",https://www.jeonmae.co.kr/news/articleView.html?idxno=908623,https://www.jeonmae.co.kr/news/articleView.html?idxno=908623,"Sat, 13 Aug 2022 17:40:00 +0900"
69,"첼시 前 감독의 소신 발언 ""맨유, 주변에서 말이 너무 많아""",쉽지 않다&quot; 첼시 사령탑 출신이자 네덜란드의 레전드 그리고 1987 발롱도르 <b>위너</b> 루드 굴리트(뤼트 휠릿)이 맨체스터 유나이티드(이하 맨유)에 대해 돌직구를 던졌다. 굴리트가 지적한 부분은 맨유 출신 축구 패널들이다.... ,https://www.goal.com/kr/뉴스/a/blt3437638c1bb929e0,https://sports.news.naver.com/news.nhn?oid=216&aid=0000123295,"Sat, 13 Aug 2022 17:31:00 +0900"
70,"방탄소년단 1위, 보이그룹 브랜드평판 정상 등극..2위 세븐틴·3위 NCT","4위 <b>위너</b> ( 강승윤, 김진우, 송민호, 이승훈 ) 브랜드는 참여지수 205,226 미디어지수... 한편, 보이그룹 브랜드평판 2022년 8월 분석에는 방탄소년단, 세븐틴, NCT, <b>위너</b>... ",http://www.breaknews.com/915977,http://www.breaknews.com/915977,"Sat, 13 Aug 2022 16:58:00 +0900"
71,"방탄소년단, 보이그룹 브랜드평판 1위…2·3위 세븐틴·NCT","8월 보이그룹 브랜드평판 30위 순위는 방탄소년단, 세븐틴, NCT, <b>위너</b>, 엑소, 슈퍼주니어, 더보이즈... 보이그룹 브랜드평판 8월 분석에는 방탄소년단, 세븐틴, NCT, <b>위너</b>, 엑소, 슈퍼주니어, 더보이즈, 엔하이픈... ",https://news.jtbc.co.kr/article/article.aspx?news_id=NB12070673,https://n.news.naver.com/mnews/article/437/0000309728?sid=106,"Sat, 13 Aug 2022 16:00:00 +0900"
72,"방탄 1위 등극, 2위 세븐틴 3위 NCT 순","2022년 8월 보이그룹 브랜드평판 30위 순위는 방탄소년단, 세븐틴, NCT, <b>위너</b>, 엑소, 슈퍼주니어, 더보이즈, 엔하이픈, 샤이니, 아스트로, 몬스타엑스, 빅뱅, 투모로우바이투게더, 스트레이 키즈, 비투비... ",https://www.gukjenews.com/news/articleView.html?idxno=2528585,https://www.gukjenews.com/news/articleView.html?idxno=2528585,"Sat, 13 Aug 2022 15:36:00 +0900"
73,"방탄소년단, 8월 보이그룹 브랜드평판 1위...세븐틴 2위","2022년 8월 보이그룹 브랜드평판 30위 순위는 방탄소년단, 세븐틴, NCT, <b>위너</b>, 엑소, 슈퍼주니어, 더보이즈... 보이그룹 브랜드평판 2022년 8월 분석에는 방탄소년단, 세븐틴, NCT, <b>위너</b>, 엑소, 슈퍼주니어, 더보이즈... ",http://star.mk.co.kr/new/view.php?mc=ST&year=2022&no=716111,https://n.news.naver.com/mnews/article/009/0005004117?sid=106,"Sat, 13 Aug 2022 15:33:00 +0900"
74,"방탄소년단, 8월 보이그룹 브랜드평판 1위 차지","2022년 8월 보이그룹 브랜드평판 30위 순위는 방탄소년단, 세븐틴, NCT, <b>위너</b>, 엑소, 슈퍼주니어... 4위, <b>위너</b> ( 강승윤, 김진우, 송민호, 이승훈 ) 브랜드는 참여지수 205,226 미디어지수 996,958 소통지수 462,756... ",http://www.stardailynews.co.kr/news/articleView.html?idxno=328167,http://www.stardailynews.co.kr/news/articleView.html?idxno=328167,"Sat, 13 Aug 2022 15:14:00 +0900"
75,"방탄 1위, 세븐틴·NCT 꺾고 정상","2022년 8월 보이그룹 브랜드평판 30위 순위는 방탄소년단, 세븐틴, NCT, <b>위너</b>, 엑소, 슈퍼주니어, 더보이즈, 엔하이픈, 샤이니, 아스트로, 몬스타엑스, 빅뱅, 투모로우바이투게더, 스트레이 키즈, 비투비... ",https://www.sisamagazine.co.kr/news/articleView.html?idxno=458868,https://www.sisamagazine.co.kr/news/articleView.html?idxno=458868,"Sat, 13 Aug 2022 15:06:00 +0900"
76,"보이그룹 브랜드평판 8월 분석결과 1위 방탄소년단, 2위 세븐틴, 3위 NCT","2022년 8월 보이그룹 브랜드평판 30위 순위는 방탄소년단, 세븐틴, NCT, <b>위너</b>, 엑소, 슈퍼주니어... 4위, <b>위너</b> ( 강승윤, 김진우, 송민호, 이승훈 ) 브랜드는 참여지수 205,226 미디어지수 996,958 소통지수 462,756... ",http://www.gpkorea.com/news/articleView.html?idxno=91230,http://www.gpkorea.com/news/articleView.html?idxno=91230,"Sat, 13 Aug 2022 14:54:00 +0900"
77,"“짜증나” 이미주, 예측불허 썸에 분노…엄지윤 “뭐야?” (썸핑)","모두 매력적인 비주얼로 눈길을 끌며 놀라움을 자아냈고, ‘썸 캐처’ 조세호, 엄지윤, <b>위너</b> 김진우 강승윤, 미주는 각자의 첫인상 픽을 고르며 설렘에 빠졌다. 강승윤과 조세호는 ‘남자들의 이상형’ 비주얼인 박서현을... ",http://enews.imbc.com/News/RetrieveNewsInfo/356744,https://n.news.naver.com/mnews/article/408/0000164057?sid=106,"Sat, 13 Aug 2022 14:22:00 +0900"
78,"[주간 대중문화 이슈] '학폭 의획' 김가람 첫 해명 / '헤어질 결심', 한국 대...",홍수현과 <b>위너</b> 김진우·방송인 유병재·코미디언 박나래도 1000만 원을 희망브리지에 기부했습니다. 싸이는 대한적십자사에 피해 지역 이재민 구호활동 지원금 1억 원을 기탁했습니다. 성금은 집중호우로 피해를 입은... ,https://www.dailian.co.kr/news/view/1142461/?sc=Naver,https://n.news.naver.com/mnews/article/119/0002629996?sid=106,"Sat, 13 Aug 2022 13:48:00 +0900"
79,"라타플랑, 레드닷 디자인 어워드 본상 수상","라타플랑은 ‘2022 레드 닷 디자인 어워드’ 브랜드&amp;커뮤니케이션 부문에서 본상인 ‘<b>위너</b>’를 수상했다고 13일 밝혔다. 레드닷 디자인 어워드는 국제 디자인 공모전으로, 세계 3대 디자인 시상식이다. 제품 디자인, 브랜드... ",http://www.fnnews.com/news/202208131334296023,https://n.news.naver.com/mnews/article/014/0004882697?sid=101,"Sat, 13 Aug 2022 13:37:00 +0900"
80,"방탄 1위, 7월보다 38.07% 상승…긍정비율 66.72%","2022년 8월 보이그룹 브랜드평판 30위 순위는 방탄소년단, 세븐틴, NCT, <b>위너</b>, 엑소, 슈퍼주니어... 4위, <b>위너</b> ( 강승윤, 김진우, 송민호, 이승훈 )​​ 브랜드는 참여지수 205,226 미디어지수 996,958 소통지수 462... ",http://www.cbci.co.kr/news/articleView.html?idxno=431364,http://www.cbci.co.kr/news/articleView.html?idxno=431364,"Sat, 13 Aug 2022 13:16:00 +0900"
81,"방탄소년단(BTS), 8월 보이그룹 브랜드평판 1위…2위 세븐틴-3위 NCT","그 결과 8월 보이그룹 브랜드평판 30위 순위는 방탄소년단, 세븐틴, NCT, <b>위너</b>, 엑소, 슈퍼주니어, 더보이즈, 엔하이픈, 샤이니, 아스트로, 몬스타엑스, 빅뱅, 투모로우바이투게더, 스트레이 키즈, 비투비, FT아일랜드... ",http://www.newsinside.kr/news/articleView.html?idxno=1140271,http://www.newsinside.kr/news/articleView.html?idxno=1140271,"Sat, 13 Aug 2022 12:56:00 +0900"
82,마약 주사소가 의료 클리닉이라는 정부,스콧 <b>위너</b> 가주 상원의원(민주·샌프란시스코)이 지난해 3월 발의한 이 법안(SB 57)의 정식 명칭은 ‘과다복용 예방 프로그램(overdose prevention program)’이다. <b>위너</b> 의원은 “현재 가주는 약물 과다복용으로 인한 사망자가... ,https://news.koreadaily.com/2022/08/12/society/generalsociety/20220812204943275.html,https://news.koreadaily.com/2022/08/12/society/generalsociety/20220812204943275.html,"Sat, 13 Aug 2022 12:50:00 +0900"
83,"방탄소년단 1위, 男그룹 브랜드평판 2위는 세븐틴","2022년 8월 보이그룹 브랜드평판 30위 순위는 방탄소년단, 세븐틴, NCT, <b>위너</b>, 엑소, 슈퍼주니어, 더보이즈, 엔하이픈, 샤이니, 아스트로, 몬스타엑스, 빅뱅, 투모로우바이투게더, 스트레이 키즈, 비투비... ",http://star.mbn.co.kr/view.php?year=2022&no=715884&refer=portal,https://n.news.naver.com/mnews/article/057/0001683376?sid=106,"Sat, 13 Aug 2022 12:24:00 +0900"
84,"뉴진스, 써클차트 8월 12일 리테일 앨범차트 1위, 뉴진스·스트레이 키즈·소...","뒤이어 31위부터는 31위 <b>위너</b>의 &apos;HOLIDAY&apos;(418장), 32위 스트레이 키즈의 &apos;Christmas EveL&apos;(410장), 33위 스트레이 키즈의 &apos;ODDINARY&apos;(410장), 34위 블리처스의 &apos;WIN-DOW&apos;(389장), 35위 세븐틴의 &apos;4th... ",http://www.topstarnews.net/news/articleView.html?idxno=14720158,http://www.topstarnews.net/news/articleView.html?idxno=14720158,"Sat, 13 Aug 2022 11:36:00 +0900"
85,보이그룹 브랜드평판 8월 빅데이터 분석결과,"NCT, <b>위너</b>, 엑소, 슈퍼주니어, 더보이즈, 엔하이픈, 샤이니, 아스트로, 몬스타엑스, 빅뱅... 4위, <b>위너</b> ( 강승윤, 김진우, 송민호, 이승훈 )​​ 브랜드는 참여지수 205,226 미디어지수 996,958... ",http://www.businesskorea.co.kr/news/articleView.html?idxno=98440,http://www.businesskorea.co.kr/news/articleView.html?idxno=98440,"Sat, 13 Aug 2022 11:30:00 +0900"
86,"방탄소년단(BTS), 8월 보이그룹 브랜드평판 1위","2022년 8월 보이그룹 브랜드평판 30위 순위는 방탄소년단, 세븐틴, NCT, <b>위너</b>, 엑소, 슈퍼주니어, 더보이즈, 엔하이픈, 샤이니, 아스트로, 몬스타엑스, 빅뱅, 투모로우바이투게더, 스트레이 키즈, 비투비... ",http://www.tvdaily.co.kr/read.php3?aid=16603566781649698010,http://www.tvdaily.co.kr/read.php3?aid=16603566781649698010,"Sat, 13 Aug 2022 11:12:00 +0900"
87,"스킨십했는데 마음에 안 든다?…이미주, 예측불허 썸에 분노 (썸핑)[종합]","모두 매력적인 비주얼로 눈길을 끌며 놀라움을 자아냈고, ‘썸 캐처’ 조세호, 엄지윤, <b>위너</b> 김진우 강승윤, 미주는 각자의 첫인상 픽을 고르며 설렘에 빠졌다. 강승윤과 조세호는 ‘남자들의 이상형’ 비주얼인 박서현을... ",https://www.xportsnews.com/article/1617509,https://n.news.naver.com/mnews/article/311/0001488384?sid=106,"Sat, 13 Aug 2022 10:48:00 +0900"
88,"""키스가 미션인 수준""...'썸핑' 첫방부터 역대급 수위, 연애 예능 맞아?","모두 매력적인 비주얼로 눈길을 끌며 놀라움을 자아냈고, ‘썸 캐처’ 조세호, 엄지윤, <b>위너</b> 김진우 강승윤, 미주는 각자의 첫인상 픽을 고르며 설렘에 빠졌다. 강승윤과 조세호는 ‘남자들의 이상형’ 비주얼인... ",http://www.osen.co.kr/article/G1111918627,https://n.news.naver.com/mnews/article/109/0004677881?sid=106,"Sat, 13 Aug 2022 10:34:00 +0900"
89,"파격적인 러브라인…이미주, 예측불허 썸 현장에 분노 폭발(썸핑)","모두 매력적인 비주얼로 눈길을 끌며 놀라움을 자아냈고, ‘썸 캐처’ 조세호, 엄지윤, <b>위너</b> 김진우 강승윤, 미주는 각자의 첫인상 픽을 고르며 설렘에 빠졌다. 강승윤과 조세호는 ‘남자들의 이상형’ 비주얼인 박서현을... ",https://sports.donga.com/article/all/20220813/114941897/1,https://n.news.naver.com/mnews/article/382/0000997937?sid=106,"Sat, 13 Aug 2022 10:33:00 +0900"
90,"방탄소년단, 8월 보이그룹 브랜드평판 1위","8월 보이그룹 브랜드평판 30위 순위는 방탄소년단, 세븐틴, NCT, <b>위너</b>, 엑소, 슈퍼주니어, 더보이즈, 엔하이픈, 샤이니, 아스트로, 몬스타엑스, 빅뱅, 투모로우바이투게더, 스트레이 키즈, 비투비, FT아일랜드... ",http://www.stoo.com/article.php?aid=81971795343,http://www.stoo.com/article.php?aid=81971795343,"Sat, 13 Aug 2022 10:20:00 +0900"
91,‘썸핑’ 스킨십하고 마음에 안 든다니…이 사람들 뭐야,"MC진 조세호, 엄지윤, <b>위너</b> 김진우 강승윤, 미주는 각자의 첫인상 픽을 정하며 설렘에 빠졌다. 강승윤과 조세호는 박서현을 동시에 꼽았고, 엄지윤은 조재영을 뽑았다. 채병은은 열심히 대화를 주도했지만, 오히려 더... ",,https://n.news.naver.com/mnews/article/415/0000012202?sid=106,"Sat, 13 Aug 2022 10:11:00 +0900"
92,"방탄소년단, 8월 보이그룹 브랜드평판서 1위…3대 키워드는 제이홍·지민·정...","2022년 8월 보이그룹 브랜드평판 30위 순위는 방탄소년단, 세븐틴, NCT, <b>위너</b>, 엑소, 슈퍼주니어, 더보이즈, 엔하이픈, 샤이니, 아스트로, 몬스타엑스, 빅뱅, 투모로우바이투게더, 스트레이 키즈, 비투비... ",http://sports.chosun.com/news/ntype.htm?id=202208140100095380005773&servicedate=20220813,https://n.news.naver.com/mnews/article/076/0003904365?sid=106,"Sat, 13 Aug 2022 09:26:00 +0900"
93,"“보이그룹 8월 브랜드평판 1위 방탄소년단, 2위 세븐틴, 3위 NCT, 4위 위너,...","이어  2위 세븐틴, 3위 NCT, 4위 <b>위너</b>, 5위 엑소 순으로 분석됐다. 한국기업평판연구소(소장 구창환)는... 방탄소년단, 세븐틴, NCT, <b>위너</b>, 엑소 외에 8월 보이그룹 브랜드평판 30위권에는 슈퍼주니어, 더보이즈... ",https://www.yeongnam.com/web/view.php?key=20220813000857186,https://www.yeongnam.com/web/view.php?key=20220813000857186,"Sat, 13 Aug 2022 09:08:00 +0900"
94,"방탄소년단, 8월 보이그룹 브랜드평판 1위…2위 세븐틴·3위 NCT","2022년 8월 보이그룹 브랜드평판 30위 순위는 방탄소년단, 세븐틴, NCT, <b>위너</b>, 엑소, 슈퍼주니어... 4위, <b>위너</b>(강승윤, 김진우, 송민호, 이승훈) 브랜드는 참여지수 205,226 미디어지수 996,958 소통지수 462,756... ",https://www.xportsnews.com/article/1617494,https://n.news.naver.com/mnews/article/311/0001488366?sid=106,"Sat, 13 Aug 2022 09:03:00 +0900"
95,"[브랜드평판] 방탄소년단, 보이그룹 2022년 8월... 1위","2022년 8월 보이그룹 브랜드평판 10위 순위는 방탄소년단, 세븐틴, NCT, <b>위너</b>, 엑소, 슈퍼주니어... 4위, <b>위너</b> ( 강승윤, 김진우, 송민호, 이승훈 ) 브랜드는 참여지수 205,226 미디어지수 996,958 소통지수 462,756... ",http://www.beyondpost.co.kr/view.php?ud=202208130857195335499def050a_30,http://www.beyondpost.co.kr/view.php?ud=202208130857195335499def050a_30,"Sat, 13 Aug 2022 09:02:00 +0900"
96,"방탄소년단, 8월 보이그룹 브랜드평판 1위 수성..세븐틴·NCT 톱3[공식]","2022년 8월 보이그룹 브랜드평판 30위 순위는 방탄소년단, 세븐틴, NCT, <b>위너</b>, 엑소, 슈퍼주니어, 더보이즈, 엔하이픈, 샤이니, 아스트로, 몬스타엑스, 빅뱅, 투모로우바이투게더, 스트레이 키즈, 비투비, FT아일랜드... ",http://star.mt.co.kr/stview.php?no=2022081308574520550,https://n.news.naver.com/mnews/article/108/0003078661?sid=106,"Sat, 13 Aug 2022 09:00:00 +0900"
97,"BTS·세븐틴·NCT, 브랜드평판 TOP3…엑소 완전체 활동 없이 5위","NCT 드림(NCT DREAM)은 다음달 잠실 주경기장에서 두번째 단독 콘서트를 개최하고 팬들을 만난다. 이어 4위에는 <b>위너</b>, 5위에는 엑소가 이름을 올리며 브랜드 가치를 입증했다.",http://www.slist.kr/news/articleView.html?idxno=376437,http://www.slist.kr/news/articleView.html?idxno=376437,"Sat, 13 Aug 2022 09:00:00 +0900"
98,"방탄소년단, 보이그룹 브랜드평판 1위…세븐틴·NCT 순","2022년 8월 보이그룹 브랜드평판 30위 순위는 방탄소년단, 세븐틴, NCT, <b>위너</b>, 엑소, 슈퍼주니어... 4위, <b>위너</b>(강승윤, 김진우, 송민호, 이승훈) 브랜드는 참여지수 205,226 미디어지수 996,958 소통지수 462,756... ",http://www.celuvmedia.com/article.php?aid=1660348582432637007,http://www.celuvmedia.com/article.php?aid=1660348582432637007,"Sat, 13 Aug 2022 08:58:00 +0900"
99,꾸준히 인기 높은 슬리핑 마스크 TOP 7,"2020년 &lt;얼루어&gt; ‘베스트 오브 뷰티 어워드 슬리핑 마스크 부문’ K-뷰티 <b>위너</b>로 선정됐으며, 2022년 &lt;뉴욕 포스트&gt;가 선정한 ‘미국 여성 고객이 선호하는 마스크 톱 37’에 등극할 만큼 인기다. 탱글탱글한 푸딩 제형이... ",https://www.allurekorea.com/2022/08/13/%ed%86%b1-%ed%81%b4%eb%9e%98%ec%8a%a4-%ec%8a%ac%eb%a6%ac%ed%95%91-%eb%a7%88%ec%8a%a4%ed%81%ac/?utm_source=naver&utm_medium=partnership,https://www.allurekorea.com/2022/08/13/%ed%86%b1-%ed%81%b4%eb%9e%98%ec%8a%a4-%ec%8a%ac%eb%a6%ac%ed%95%91-%eb%a7%88%ec%8a%a4%ed%81%ac/?utm_source=naver&utm_medium=partnership,"Sat, 13 Aug 2022 08:04:00 +0900"
